,Links
0,https://www.yelp.com//adredir?ad_business_id=_n2wwIGaBcWvWlJTFYTgdw&campaign_id=d5hzO-mOtDz9T5CdD66gTw&click_origin=search_results&placement=above_search&placement_slot=1&redirect_url=https%3A%2F%2Fwww.yelp.com%2Fbiz%2Fgeneral-tech-automotive-north-york&request_id=47fa982818b9672f&signature=4ef5e25904f27d74cecf6bf68ad00fff029589ae64f14ffbc618a16699e19ec1&slot=0
1,https://www.yelp.com//adredir?ad_business_id=qivzNX3mmq9CDrlT24gPXw&campaign_id=fVT6QWzRLwdyPHxYJe33zg&click_origin=search_results&placement=above_search&placement_slot=1&redirect_url=https%3A%2F%2Fwww.yelp.com%2Fbiz%2Fmeadowvale-mississauga&request_id=47fa982818b9672f&signature=ee376e5d9a931487cf7bf3c600fe8cd951bd420415b848e19a37c96b18ca97a6&slot=1
2,https://www.yelp.com//biz/general-tech-automotive-north-york?osq=vehicle%2Bdealerships
3,https://www.yelp.com//biz/car-compass-toronto?osq=vehicle%2Bdealerships
4,https://www.yelp.com//biz/procolor-collision-toronto-junction-toronto-2?osq=vehicle%2Bdealerships
5,https://www.yelp.com//biz/california-classic-cars-scarborough?osq=vehicle%2Bdealerships
6,https://www.yelp.com//biz/avenue-collision-csn-toronto?osq=vehicle%2Bdealerships
7,https://www.yelp.com//biz/azores-auto-group-toronto?osq=vehicle%2Bdealerships
8,https://www.yelp.com//biz/hyundai-east-york?osq=vehicle%2Bdealerships
9,https://www.yelp.com//biz/the-workshop-mb-north-york?osq=vehicle%2Bdealerships
10,https://www.yelp.com//biz/bmw-toronto-toronto?osq=vehicle%2Bdealerships
11,https://www.yelp.com//biz/westminster-motor-corp-toronto-2?osq=vehicle%2Bdealerships
12,https://www.yelp.com//adredir?ad_business_id=lt5Whx-vV69oY3xjZatRbA&campaign_id=NKt5q9dHIdMl6mMhXqcSRA&click_origin=search_results&placement=below_search&placement_slot=2&redirect_url=https%3A%2F%2Fwww.yelp.com%2Fbiz%2Fmodern-diagnose-truck-and-trailer-repair-brampton&request_id=47fa982818b9672f&signature=d53ec8410ced3a1762f26990d491b80492c3de1e637f2b969ca8f6dfe2beb099&slot=0
13,https://www.yelp.com//adredir?ad_business_id=_n2wwIGaBcWvWlJTFYTgdw&campaign_id=d5hzO-mOtDz9T5CdD66gTw&click_origin=search_results&placement=above_search&placement_slot=1&redirect_url=https%3A%2F%2Fwww.yelp.com%2Fbiz%2Fgeneral-tech-automotive-north-york&request_id=e48d89f03b035f51&signature=a0f25afeb2364985792bb763b33493df901e60c9ee12a1d12a4b75c5e80c2020&slot=0
14,https://www.yelp.com//adredir?ad_business_id=qivzNX3mmq9CDrlT24gPXw&campaign_id=fVT6QWzRLwdyPHxYJe33zg&click_origin=search_results&placement=above_search&placement_slot=1&redirect_url=https%3A%2F%2Fwww.yelp.com%2Fbiz%2Fmeadowvale-mississauga&request_id=e48d89f03b035f51&signature=d7e59ec9e5a841ea64c5e22102eaa20e7819a89c9f40a34cc021edbe61877b36&slot=1
15,https://www.yelp.com//biz/audi-midtown-toronto-toronto-2?osq=vehicle%2Bdealerships
16,https://www.yelp.com//biz/excella-automotive-toronto?osq=vehicle%2Bdealerships
17,https://www.yelp.com//biz/modern-auto-tech-toronto?osq=vehicle%2Bdealerships
18,https://www.yelp.com//biz/automania-toronto?osq=vehicle%2Bdealerships
19,https://www.yelp.com//biz/new-to-you-dealership-toronto-2?osq=vehicle%2Bdealerships
20,https://www.yelp.com//biz/mazda-of-toronto-toronto-4?osq=vehicle%2Bdealerships
21,https://www.yelp.com//biz/guans-auto-service-toronto?osq=vehicle%2Bdealerships
22,https://www.yelp.com//biz/audi-downtown-toronto-toronto?osq=vehicle%2Bdealerships
23,https://www.yelp.com//biz/jeremys-auto-service-toronto?osq=vehicle%2Bdealerships
24,https://www.yelp.com//biz/mazda-east-york-2?osq=vehicle%2Bdealerships
25,https://www.yelp.com//adredir?ad_business_id=8_UTPa_e7MDwRsmCZ8kx3Q&campaign_id=to8fngpUyYfyjL4wuYpk5g&click_origin=search_results&placement=below_search&placement_slot=2&redirect_url=https%3A%2F%2Fwww.yelp.com%2Fbiz%2Fdetail-garage-mississauga&request_id=e48d89f03b035f51&signature=f7ce5fd238f9ad4f2a6b1da196602f742f86bbdb09ce39614a5c73397af05b9e&slot=0
26,https://www.yelp.com//adredir?ad_business_id=_n2wwIGaBcWvWlJTFYTgdw&campaign_id=d5hzO-mOtDz9T5CdD66gTw&click_origin=search_results&placement=above_search&placement_slot=1&redirect_url=https%3A%2F%2Fwww.yelp.com%2Fbiz%2Fgeneral-tech-automotive-north-york&request_id=4376a559358296b4&signature=d9de7f6e2e7ab84d9f2321d96a9c4e2401fedd5fab2ab110686db99f69ec76f5&slot=0
27,https://www.yelp.com//adredir?ad_business_id=qivzNX3mmq9CDrlT24gPXw&campaign_id=fVT6QWzRLwdyPHxYJe33zg&click_origin=search_results&placement=above_search&placement_slot=1&redirect_url=https%3A%2F%2Fwww.yelp.com%2Fbiz%2Fmeadowvale-mississauga&request_id=4376a559358296b4&signature=069bfbc719ce15014a45f042efddfe3b2eea4522063469b8c5d124333c396f1d&slot=1
28,https://www.yelp.com//biz/pureauto-mississauga?osq=vehicle%2Bdealerships
29,https://www.yelp.com//biz/acura-of-north-toronto-thornhill?osq=vehicle%2Bdealerships
30,https://www.yelp.com//biz/seven-view-chrysler-dodge-jeep-and-ram-vaughan?osq=vehicle%2Bdealerships
31,https://www.yelp.com//biz/speedy-motors-toronto?osq=vehicle%2Bdealerships
32,https://www.yelp.com//biz/airport-mazda-of-toronto-toronto?osq=vehicle%2Bdealerships
33,https://www.yelp.com//biz/auto-select-scarborough?osq=vehicle%2Bdealerships
34,https://www.yelp.com//biz/royal-fine-motors-toronto?osq=vehicle%2Bdealerships
35,https://www.yelp.com//biz/sixth-element-autowerks-vaughan-2?osq=vehicle%2Bdealerships
36,https://www.yelp.com//biz/karmann-fine-cars-toronto?osq=vehicle%2Bdealerships
37,https://www.yelp.com//biz/vaughan-chrysler-woodbridge-2?osq=vehicle%2Bdealerships
38,https://www.yelp.com//adredir?ad_business_id=8_UTPa_e7MDwRsmCZ8kx3Q&campaign_id=to8fngpUyYfyjL4wuYpk5g&click_origin=search_results&placement=below_search&placement_slot=2&redirect_url=https%3A%2F%2Fwww.yelp.com%2Fbiz%2Fdetail-garage-mississauga&request_id=4376a559358296b4&signature=aea1c4399d554d2374f21a5a37a27e708345f006eaa0877dfc8dcca9479adde8&slot=0
39,https://www.yelp.com//adredir?ad_business_id=_n2wwIGaBcWvWlJTFYTgdw&campaign_id=d5hzO-mOtDz9T5CdD66gTw&click_origin=search_results&placement=above_search&placement_slot=1&redirect_url=https%3A%2F%2Fwww.yelp.com%2Fbiz%2Fgeneral-tech-automotive-north-york&request_id=abc29c51e0553994&signature=ac93d604432ae576ef863f54728adebe821b46ea46927fa55e5f6de59c9b1382&slot=0
40,https://www.yelp.com//adredir?ad_business_id=qivzNX3mmq9CDrlT24gPXw&campaign_id=fVT6QWzRLwdyPHxYJe33zg&click_origin=search_results&placement=above_search&placement_slot=1&redirect_url=https%3A%2F%2Fwww.yelp.com%2Fbiz%2Fmeadowvale-mississauga&request_id=abc29c51e0553994&signature=83197c026d001c97f4df336b555edbfeda0f8cd565b549280f2388b97f1077b8&slot=1
41,https://www.yelp.com//biz/pine-tree-ford-lincoln-vaughan-2?osq=vehicle%2Bdealerships
42,https://www.yelp.com//biz/element-fleet-management-toronto?osq=vehicle%2Bdealerships
43,https://www.yelp.com//biz/active-green-ross-toronto-4?osq=vehicle%2Bdealerships
44,https://www.yelp.com//biz/morningside-nissan-scarborough?osq=vehicle%2Bdealerships
45,https://www.yelp.com//biz/weston-ford-toronto-2?osq=vehicle%2Bdealerships
46,https://www.yelp.com//biz/danforth-auto-centre-toronto?osq=vehicle%2Bdealerships
47,https://www.yelp.com//biz/partsource-scarborough-3?osq=vehicle%2Bdealerships
48,https://www.yelp.com//biz/gta-motorcars-toronto?osq=vehicle%2Bdealerships
49,https://www.yelp.com//biz/agincourt-mazda-scarborough?osq=vehicle%2Bdealerships
50,https://www.yelp.com//biz/martino-brothers-collision-york?osq=vehicle%2Bdealerships
51,https://www.yelp.com//adredir?ad_business_id=8_UTPa_e7MDwRsmCZ8kx3Q&campaign_id=to8fngpUyYfyjL4wuYpk5g&click_origin=search_results&placement=below_search&placement_slot=2&redirect_url=https%3A%2F%2Fwww.yelp.com%2Fbiz%2Fdetail-garage-mississauga&request_id=abc29c51e0553994&signature=8a43f556b17e8f42e4e1ec21aef726a8cdb8225e27b7c408bada59437978bb98&slot=0
52,https://www.yelp.com//adredir?ad_business_id=_n2wwIGaBcWvWlJTFYTgdw&campaign_id=d5hzO-mOtDz9T5CdD66gTw&click_origin=search_results&placement=above_search&placement_slot=1&redirect_url=https%3A%2F%2Fwww.yelp.com%2Fbiz%2Fgeneral-tech-automotive-north-york&request_id=e8aa7b2473049216&signature=faf56504aa8816ea797eee6852c2b8ee8a53fd386a0a7522bb15aa3c97d3825c&slot=0
53,https://www.yelp.com//adredir?ad_business_id=qivzNX3mmq9CDrlT24gPXw&campaign_id=fVT6QWzRLwdyPHxYJe33zg&click_origin=search_results&placement=above_search&placement_slot=1&redirect_url=https%3A%2F%2Fwww.yelp.com%2Fbiz%2Fmeadowvale-mississauga&request_id=e8aa7b2473049216&signature=2608cbf8dafdde6c67012bbbc42b1dbcc643e5c15e151d1c64c0f2a44e6887a6&slot=1
54,https://www.yelp.com//biz/dc-motorwerx-markham?osq=vehicle%2Bdealerships
55,https://www.yelp.com//biz/high-park-nissan-toronto?osq=vehicle%2Bdealerships
56,https://www.yelp.com//biz/platinum-cars-north-york?osq=vehicle%2Bdealerships
57,https://www.yelp.com//biz/hansens-forwarding-scarborough?osq=vehicle%2Bdealerships
58,https://www.yelp.com//biz/serpa-scarborough-2?osq=vehicle%2Bdealerships
59,https://www.yelp.com//biz/golden-mile-chrysler-toronto?osq=vehicle%2Bdealerships
60,https://www.yelp.com//biz/don-valley-volkswagen-north-york?osq=vehicle%2Bdealerships
61,https://www.yelp.com//biz/hogan-chevrolet-buick-gmc-scarborough-2?osq=vehicle%2Bdealerships
62,https://www.yelp.com//biz/midas-toronto-6?osq=vehicle%2Bdealerships
63,https://www.yelp.com//biz/ronin-auto-glass-toronto-2?osq=vehicle%2Bdealerships
64,https://www.yelp.com//adredir?ad_business_id=8_UTPa_e7MDwRsmCZ8kx3Q&campaign_id=to8fngpUyYfyjL4wuYpk5g&click_origin=search_results&placement=below_search&placement_slot=2&redirect_url=https%3A%2F%2Fwww.yelp.com%2Fbiz%2Fdetail-garage-mississauga&request_id=e8aa7b2473049216&signature=819618b4f162941e2caed814fedb79d86f2626982ac42707a4a50b91a901dbcd&slot=0
65,https://www.yelp.com//adredir?ad_business_id=_n2wwIGaBcWvWlJTFYTgdw&campaign_id=d5hzO-mOtDz9T5CdD66gTw&click_origin=search_results&placement=above_search&placement_slot=1&redirect_url=https%3A%2F%2Fwww.yelp.com%2Fbiz%2Fgeneral-tech-automotive-north-york&request_id=29450280b659797d&signature=e542a374d775c542a5098b34975dd64af90a131bfb118700a1021d2e8df44ee5&slot=0
66,https://www.yelp.com//adredir?ad_business_id=qivzNX3mmq9CDrlT24gPXw&campaign_id=fVT6QWzRLwdyPHxYJe33zg&click_origin=search_results&placement=above_search&placement_slot=1&redirect_url=https%3A%2F%2Fwww.yelp.com%2Fbiz%2Fmeadowvale-mississauga&request_id=29450280b659797d&signature=0875b739dcfec09a9a98d9bb14c7b96938d231e126cc6c6047849de954c3357e&slot=1
67,https://www.yelp.com//biz/abrams-towing-service-toronto-2?osq=vehicle%2Bdealerships
68,https://www.yelp.com//biz/toronto-auto-group-scarborough?osq=vehicle%2Bdealerships
69,https://www.yelp.com//biz/ultra-auto-sound-and-security-centre-mississauga?osq=vehicle%2Bdealerships
70,https://www.yelp.com//biz/canadian-tire-scarborough-11?osq=vehicle%2Bdealerships
71,https://www.yelp.com//biz/hc-automotive-thornhill?osq=vehicle%2Bdealerships
72,https://www.yelp.com//biz/car-enthusiast-ltd-scarborough-5?osq=vehicle%2Bdealerships
73,https://www.yelp.com//biz/mobile-tire-toronto?osq=vehicle%2Bdealerships
74,https://www.yelp.com//biz/testdrive-it-toronto-2?osq=vehicle%2Bdealerships
75,https://www.yelp.com//biz/pitlane-auto-corp-north-york?osq=vehicle%2Bdealerships
76,https://www.yelp.com//biz/its-a-wrap-mississauga?osq=vehicle%2Bdealerships
77,https://www.yelp.com//adredir?ad_business_id=8_UTPa_e7MDwRsmCZ8kx3Q&campaign_id=to8fngpUyYfyjL4wuYpk5g&click_origin=search_results&placement=below_search&placement_slot=2&redirect_url=https%3A%2F%2Fwww.yelp.com%2Fbiz%2Fdetail-garage-mississauga&request_id=29450280b659797d&signature=81d1cb79d84b418fde2f75a562f6164967cc3c8667acf91852660b389376c565&slot=0
78,https://www.yelp.com//adredir?ad_business_id=_n2wwIGaBcWvWlJTFYTgdw&campaign_id=d5hzO-mOtDz9T5CdD66gTw&click_origin=search_results&placement=above_search&placement_slot=1&redirect_url=https%3A%2F%2Fwww.yelp.com%2Fbiz%2Fgeneral-tech-automotive-north-york&request_id=e9408083b1db7520&signature=e1e98da77f624712a5f53669581032a8f6c56cc6813c9afd2ee22183dbe2b898&slot=0
79,https://www.yelp.com//adredir?ad_business_id=qivzNX3mmq9CDrlT24gPXw&campaign_id=fVT6QWzRLwdyPHxYJe33zg&click_origin=search_results&placement=above_search&placement_slot=1&redirect_url=https%3A%2F%2Fwww.yelp.com%2Fbiz%2Fmeadowvale-mississauga&request_id=e9408083b1db7520&signature=61bef2672018f9f758125557fbcb992174fc938bc5ba1daa5e44e10f13d7c8a8&slot=1
80,https://www.yelp.com//biz/redline-auto-sales-mississauga?osq=vehicle%2Bdealerships
81,https://www.yelp.com//biz/downtown-ford-toronto-2?osq=vehicle%2Bdealerships
82,https://www.yelp.com//biz/classique-auto-spa-toronto?osq=vehicle%2Bdealerships
83,https://www.yelp.com//biz/canada-car-loans-toronto?osq=vehicle%2Bdealerships
84,https://www.yelp.com//biz/south-lake-motors-etobicoke?osq=vehicle%2Bdealerships
85,https://www.yelp.com//biz/coventry-north-land-rover-woodbridge?osq=vehicle%2Bdealerships
86,https://www.yelp.com//biz/rockcliff-auto-scarborough?osq=vehicle%2Bdealerships
87,https://www.yelp.com//biz/ceramic-pro-markham-markham-2?osq=vehicle%2Bdealerships
88,https://www.yelp.com//biz/curve-motors-toronto?osq=vehicle%2Bdealerships
89,https://www.yelp.com//biz/new-shine-detailing-woodbridge?osq=vehicle%2Bdealerships
90,https://www.yelp.com//adredir?ad_business_id=8_UTPa_e7MDwRsmCZ8kx3Q&campaign_id=to8fngpUyYfyjL4wuYpk5g&click_origin=search_results&placement=below_search&placement_slot=2&redirect_url=https%3A%2F%2Fwww.yelp.com%2Fbiz%2Fdetail-garage-mississauga&request_id=e9408083b1db7520&signature=af0726fc89c6a70f86842fdd6f82cf7b793d80f26a05d16eb8634650cd3449bd&slot=0
91,https://www.yelp.com//adredir?ad_business_id=_n2wwIGaBcWvWlJTFYTgdw&campaign_id=d5hzO-mOtDz9T5CdD66gTw&click_origin=search_results&placement=above_search&placement_slot=1&redirect_url=https%3A%2F%2Fwww.yelp.com%2Fbiz%2Fgeneral-tech-automotive-north-york&request_id=a2d6e081311770fd&signature=f89316d2db83299b2203b01428af7b8f7b846430a54f7ef37881363b92e14d78&slot=0
92,https://www.yelp.com//adredir?ad_business_id=qivzNX3mmq9CDrlT24gPXw&campaign_id=fVT6QWzRLwdyPHxYJe33zg&click_origin=search_results&placement=above_search&placement_slot=1&redirect_url=https%3A%2F%2Fwww.yelp.com%2Fbiz%2Fmeadowvale-mississauga&request_id=a2d6e081311770fd&signature=6693ea90edf6bb790b452a17966d33ad910816c99745dc7a1e9104d9bca99950&slot=1
93,https://www.yelp.com//biz/cocomile-service-centre-east-york?osq=vehicle%2Bdealerships
94,https://www.yelp.com//biz/classic-auto-depot-toronto?osq=vehicle%2Bdealerships
95,https://www.yelp.com//biz/volkswagen-midtown-toronto-toronto?osq=vehicle%2Bdealerships
96,https://www.yelp.com//biz/express-hand-car-wash-and-express-detail-centre-east-york?osq=vehicle%2Bdealerships
97,https://www.yelp.com//biz/airbagged-svt-mississauga-2?osq=vehicle%2Bdealerships
98,https://www.yelp.com//biz/thorncrest-ford-etobicoke?osq=vehicle%2Bdealerships
99,https://www.yelp.com//biz/canadian-dealer-lease-services-inc-toronto?osq=vehicle%2Bdealerships
100,https://www.yelp.com//biz/dilawri-group-of-companies-toronto?osq=vehicle%2Bdealerships
101,https://www.yelp.com//biz/gb-autos-and-trucks-toronto?osq=vehicle%2Bdealerships
102,https://www.yelp.com//biz/splash-and-shine-car-wash-toronto?osq=vehicle%2Bdealerships
103,https://www.yelp.com//adredir?ad_business_id=8_UTPa_e7MDwRsmCZ8kx3Q&campaign_id=to8fngpUyYfyjL4wuYpk5g&click_origin=search_results&placement=below_search&placement_slot=2&redirect_url=https%3A%2F%2Fwww.yelp.com%2Fbiz%2Fdetail-garage-mississauga&request_id=a2d6e081311770fd&signature=242fd427ea7d3016c37015fdf855b760e140cf8243fb0b787e09a12a504fe820&slot=0
104,https://www.yelp.com//adredir?ad_business_id=_n2wwIGaBcWvWlJTFYTgdw&campaign_id=d5hzO-mOtDz9T5CdD66gTw&click_origin=search_results&placement=above_search&placement_slot=1&redirect_url=https%3A%2F%2Fwww.yelp.com%2Fbiz%2Fgeneral-tech-automotive-north-york&request_id=8a4585978d10f02b&signature=21ed2df6b78fadadbe9311069ad6e4bb78314c2a1c95bd0e491dc404f6466c42&slot=0
105,https://www.yelp.com//adredir?ad_business_id=qivzNX3mmq9CDrlT24gPXw&campaign_id=fVT6QWzRLwdyPHxYJe33zg&click_origin=search_results&placement=above_search&placement_slot=1&redirect_url=https%3A%2F%2Fwww.yelp.com%2Fbiz%2Fmeadowvale-mississauga&request_id=8a4585978d10f02b&signature=630585f6da9346acb803cfaeee9a2e1533c8e67c92c80cef645f6d12e52d2cd4&slot=1
106,https://www.yelp.com//biz/active-green-ross-etobicoke?osq=vehicle%2Bdealerships
107,https://www.yelp.com//biz/roadsport-honda-toronto?osq=vehicle%2Bdealerships
108,https://www.yelp.com//biz/simplicity-car-care-toronto?osq=vehicle%2Bdealerships
109,https://www.yelp.com//biz/good-guys-auto-mississauga?osq=vehicle%2Bdealerships
110,https://www.yelp.com//biz/speedy-auto-service-scarborough-east-toronto?osq=vehicle%2Bdealerships
111,https://www.yelp.com//biz/sherway-nissan-etobicoke?osq=vehicle%2Bdealerships
112,https://www.yelp.com//biz/prime-line-auto-group-concord?osq=vehicle%2Bdealerships
113,https://www.yelp.com//biz/mid-toronto-mitsubishi-toronto?osq=vehicle%2Bdealerships
114,https://www.yelp.com//biz/rambo-car-cleaning-toronto-2?osq=vehicle%2Bdealerships
115,https://www.yelp.com//biz/high-park-nissan-toronto-2?osq=vehicle%2Bdealerships
116,https://www.yelp.com//adredir?ad_business_id=8_UTPa_e7MDwRsmCZ8kx3Q&campaign_id=to8fngpUyYfyjL4wuYpk5g&click_origin=search_results&placement=below_search&placement_slot=2&redirect_url=https%3A%2F%2Fwww.yelp.com%2Fbiz%2Fdetail-garage-mississauga&request_id=8a4585978d10f02b&signature=1da8a52a35996893e33dff03c0b21e4a98b627c86b0301ebddde5b1bcfa6c0ff&slot=0
117,https://www.yelp.com//adredir?ad_business_id=_n2wwIGaBcWvWlJTFYTgdw&campaign_id=d5hzO-mOtDz9T5CdD66gTw&click_origin=search_results&placement=above_search&placement_slot=1&redirect_url=https%3A%2F%2Fwww.yelp.com%2Fbiz%2Fgeneral-tech-automotive-north-york&request_id=f8872097ec9b3334&signature=1a48bd1a0d2b94ec77267bc7de758ceb3d4195844732e1e07f9c15692760a0e0&slot=0
118,https://www.yelp.com//adredir?ad_business_id=qivzNX3mmq9CDrlT24gPXw&campaign_id=fVT6QWzRLwdyPHxYJe33zg&click_origin=search_results&placement=above_search&placement_slot=1&redirect_url=https%3A%2F%2Fwww.yelp.com%2Fbiz%2Fmeadowvale-mississauga&request_id=f8872097ec9b3334&signature=db05a8bb2f6dd6f93047cca526aefecf4d127379a66fab37130079eb8f05154c&slot=1
119,https://www.yelp.com//biz/glen-cameron-auto-and-transmission-service-thornhill?osq=vehicle%2Bdealerships
120,https://www.yelp.com//biz/the-cumis-group-toronto?osq=vehicle%2Bdealerships
121,https://www.yelp.com//biz/car-deals-direct-vaughan?osq=vehicle%2Bdealerships
122,https://www.yelp.com//biz/yonge-steeles-ford-lincoln-thornhill?osq=vehicle%2Bdealerships
123,https://www.yelp.com//biz/ontario-quality-motors-toronto?osq=vehicle%2Bdealerships
124,https://www.yelp.com//biz/mercedes-benz-thornhill-thornhill-10?osq=vehicle%2Bdealerships
125,https://www.yelp.com//biz/land-rover-toronto-toronto?osq=vehicle%2Bdealerships
126,https://www.yelp.com//biz/mississauga-toyota-mississauga?osq=vehicle%2Bdealerships
127,https://www.yelp.com//biz/nexcar-auto-sales-and-leasing-toronto-5?osq=vehicle%2Bdealerships
128,https://www.yelp.com//biz/mercedes-benz-midtown-east-york-10?osq=vehicle%2Bdealerships
129,https://www.yelp.com//adredir?ad_business_id=8_UTPa_e7MDwRsmCZ8kx3Q&campaign_id=to8fngpUyYfyjL4wuYpk5g&click_origin=search_results&placement=below_search&placement_slot=2&redirect_url=https%3A%2F%2Fwww.yelp.com%2Fbiz%2Fdetail-garage-mississauga&request_id=f8872097ec9b3334&signature=eb3e6338bcde802c6bd839dfb5d7ed272396b3ca5a303244d83ecd397a34dc67&slot=0
130,https://www.yelp.com//adredir?ad_business_id=_n2wwIGaBcWvWlJTFYTgdw&campaign_id=d5hzO-mOtDz9T5CdD66gTw&click_origin=search_results&placement=above_search&placement_slot=1&redirect_url=https%3A%2F%2Fwww.yelp.com%2Fbiz%2Fgeneral-tech-automotive-north-york&request_id=f1c9e75b70902856&signature=f6ff0a2f916bf350f068baa38a213a928ab9348f13cfa67faccb6f16146ad4dd&slot=0
131,https://www.yelp.com//adredir?ad_business_id=qivzNX3mmq9CDrlT24gPXw&campaign_id=fVT6QWzRLwdyPHxYJe33zg&click_origin=search_results&placement=above_search&placement_slot=1&redirect_url=https%3A%2F%2Fwww.yelp.com%2Fbiz%2Fmeadowvale-mississauga&request_id=f1c9e75b70902856&signature=b30e1ae6408e6bb54cf8056134d939b84c1d478b9db79673276bd29eb9090b0a&slot=1
132,https://www.yelp.com//biz/woodbine-toyota-toronto?osq=vehicle%2Bdealerships
133,https://www.yelp.com//biz/lexus-on-the-park-toronto?osq=vehicle%2Bdealerships
134,https://www.yelp.com//biz/action-honda-toronto?osq=vehicle%2Bdealerships
135,https://www.yelp.com//biz/brimell-toyota-scarborough-5?osq=vehicle%2Bdealerships
136,https://www.yelp.com//biz/raceway-plymouth-chrysler-toronto?osq=vehicle%2Bdealerships
137,https://www.yelp.com//biz/lang-motorcar-etobicoke?osq=vehicle%2Bdealerships
138,https://www.yelp.com//biz/north-york-motors-north-york?osq=vehicle%2Bdealerships
139,https://www.yelp.com//biz/coliseum-auto-sales-north-york?osq=vehicle%2Bdealerships
140,https://www.yelp.com//biz/kingscross-hyundai-scarborough?osq=vehicle%2Bdealerships
141,https://www.yelp.com//biz/humberview-chevrolet-buick-gmc-toronto-2?osq=vehicle%2Bdealerships
142,https://www.yelp.com//adredir?ad_business_id=8_UTPa_e7MDwRsmCZ8kx3Q&campaign_id=to8fngpUyYfyjL4wuYpk5g&click_origin=search_results&placement=below_search&placement_slot=2&redirect_url=https%3A%2F%2Fwww.yelp.com%2Fbiz%2Fdetail-garage-mississauga&request_id=f1c9e75b70902856&signature=2896581877c64d29423a9e7520695d41dec4bd163eb1578bdb966da8e9499d0b&slot=0
143,https://www.yelp.com//adredir?ad_business_id=_n2wwIGaBcWvWlJTFYTgdw&campaign_id=d5hzO-mOtDz9T5CdD66gTw&click_origin=search_results&placement=above_search&placement_slot=1&redirect_url=https%3A%2F%2Fwww.yelp.com%2Fbiz%2Fgeneral-tech-automotive-north-york&request_id=3ceb5ab2723398c2&signature=287438d8b3f2b60f01b0cf6826fff557c4c9dbbd57e9994a15f5c17d47a5b42e&slot=0
144,https://www.yelp.com//adredir?ad_business_id=qivzNX3mmq9CDrlT24gPXw&campaign_id=fVT6QWzRLwdyPHxYJe33zg&click_origin=search_results&placement=above_search&placement_slot=1&redirect_url=https%3A%2F%2Fwww.yelp.com%2Fbiz%2Fmeadowvale-mississauga&request_id=3ceb5ab2723398c2&signature=d75fd2a8e2a09dbb38698730643ecc58ce5d1fc2e3e5f2d3bb3c9138276049e3&slot=1
145,https://www.yelp.com//biz/mid-toronto-mitsubishi-york?osq=vehicle%2Bdealerships
146,https://www.yelp.com//biz/number-one-sound-toronto?osq=vehicle%2Bdealerships
147,https://www.yelp.com//biz/bayview-moore-automotive-toronto?osq=vehicle%2Bdealerships
148,https://www.yelp.com//biz/bell-auto-toronto-3?osq=vehicle%2Bdealerships
149,https://www.yelp.com//biz/kia-427-qew-etobicoke-2?osq=vehicle%2Bdealerships
150,https://www.yelp.com//biz/favorit-motors-toronto-7?osq=vehicle%2Bdealerships
151,https://www.yelp.com//biz/regs-auto-refinishing-toronto?osq=vehicle%2Bdealerships
152,https://www.yelp.com//biz/humberview-volkswagen-toronto-2?osq=vehicle%2Bdealerships
153,https://www.yelp.com//biz/somerville-national-leasing-and-rentals-toronto-2?osq=vehicle%2Bdealerships
154,https://www.yelp.com//biz/wraptors-vaughan-vaughan?osq=vehicle%2Bdealerships
155,https://www.yelp.com//adredir?ad_business_id=8_UTPa_e7MDwRsmCZ8kx3Q&campaign_id=to8fngpUyYfyjL4wuYpk5g&click_origin=search_results&placement=below_search&placement_slot=2&redirect_url=https%3A%2F%2Fwww.yelp.com%2Fbiz%2Fdetail-garage-mississauga&request_id=3ceb5ab2723398c2&signature=bfc0e83f3dfee9b57c0e64f8cbdc83aec123f95dc4c9575469fee298000cac6a&slot=0
156,https://www.yelp.com//adredir?ad_business_id=_n2wwIGaBcWvWlJTFYTgdw&campaign_id=d5hzO-mOtDz9T5CdD66gTw&click_origin=search_results&placement=above_search&placement_slot=1&redirect_url=https%3A%2F%2Fwww.yelp.com%2Fbiz%2Fgeneral-tech-automotive-north-york&request_id=08927ce36463b31a&signature=53e4c4f8eb48d2eda70752a7c3a029669a027c036944db9848c3bf46b112585e&slot=0
157,https://www.yelp.com//adredir?ad_business_id=qivzNX3mmq9CDrlT24gPXw&campaign_id=fVT6QWzRLwdyPHxYJe33zg&click_origin=search_results&placement=above_search&placement_slot=1&redirect_url=https%3A%2F%2Fwww.yelp.com%2Fbiz%2Fmeadowvale-mississauga&request_id=08927ce36463b31a&signature=e0c4b9c1d55bab1972a327b848ce20edad6934408bd5f05d3c650caee74bca09&slot=1
158,https://www.yelp.com//biz/mcnally-auto-euromechanic-north-york?osq=vehicle%2Bdealerships
159,https://www.yelp.com//biz/westowne-mazda-etobicoke?osq=vehicle%2Bdealerships
160,https://www.yelp.com//biz/scarborough-mitsubishi-scarborough?osq=vehicle%2Bdealerships
161,https://www.yelp.com//biz/right-tech-auto-service-mississauga?osq=vehicle%2Bdealerships
162,https://www.yelp.com//biz/mr-lube-toronto?osq=vehicle%2Bdealerships
163,https://www.yelp.com//biz/melo-auto-toronto?osq=vehicle%2Bdealerships
164,https://www.yelp.com//biz/vision-fine-cars-toronto?osq=vehicle%2Bdealerships
165,https://www.yelp.com//biz/carlaw-tire-and-auto-service-toronto?osq=vehicle%2Bdealerships
166,https://www.yelp.com//biz/downtown-ford-toronto?osq=vehicle%2Bdealerships
167,https://www.yelp.com//biz/peel-chrysler-fiat-mississauga-3?osq=vehicle%2Bdealerships
168,https://www.yelp.com//adredir?ad_business_id=8_UTPa_e7MDwRsmCZ8kx3Q&campaign_id=to8fngpUyYfyjL4wuYpk5g&click_origin=search_results&placement=below_search&placement_slot=2&redirect_url=https%3A%2F%2Fwww.yelp.com%2Fbiz%2Fdetail-garage-mississauga&request_id=08927ce36463b31a&signature=83638cde4ae712bf9402fccfd28f1cb8df03e3e4091ae041f150d21d33af03f4&slot=0
169,https://www.yelp.com//adredir?ad_business_id=_n2wwIGaBcWvWlJTFYTgdw&campaign_id=d5hzO-mOtDz9T5CdD66gTw&click_origin=search_results&placement=above_search&placement_slot=1&redirect_url=https%3A%2F%2Fwww.yelp.com%2Fbiz%2Fgeneral-tech-automotive-north-york&request_id=7864265a35025bfa&signature=4d45c203a0982e81ec1c9777e5579fa6a64faceadeee7b34d5cbeaa177f3d2fc&slot=0
170,https://www.yelp.com//adredir?ad_business_id=qivzNX3mmq9CDrlT24gPXw&campaign_id=fVT6QWzRLwdyPHxYJe33zg&click_origin=search_results&placement=above_search&placement_slot=1&redirect_url=https%3A%2F%2Fwww.yelp.com%2Fbiz%2Fmeadowvale-mississauga&request_id=7864265a35025bfa&signature=a206841e1eaa6d3a8f0caed7c77d3981987d272ce5053e32bd04ed0b07c4d3e1&slot=1
171,https://www.yelp.com//biz/amber-motors-scarborough?osq=vehicle%2Bdealerships
172,https://www.yelp.com//biz/toyota-on-front-toronto?osq=vehicle%2Bdealerships
173,https://www.yelp.com//biz/venus-fine-cars-north-york?osq=vehicle%2Bdealerships
174,https://www.yelp.com//biz/partsource-north-york?osq=vehicle%2Bdealerships
175,https://www.yelp.com//biz/land-rover-metro-west-etobicoke-2?osq=vehicle%2Bdealerships
176,https://www.yelp.com//biz/city-buick-chevrolet-cadillac-gmc-toronto?osq=vehicle%2Bdealerships
177,https://www.yelp.com//biz/roy-foss-thornhill-thornhill?osq=vehicle%2Bdealerships
178,https://www.yelp.com//biz/leons-fine-cars-etobicoke?osq=vehicle%2Bdealerships
179,https://www.yelp.com//biz/rexdale-hyundai-toronto?osq=vehicle%2Bdealerships
180,https://www.yelp.com//biz/precision-tuning-motorsports-concord?osq=vehicle%2Bdealerships
181,https://www.yelp.com//adredir?ad_business_id=8_UTPa_e7MDwRsmCZ8kx3Q&campaign_id=to8fngpUyYfyjL4wuYpk5g&click_origin=search_results&placement=below_search&placement_slot=2&redirect_url=https%3A%2F%2Fwww.yelp.com%2Fbiz%2Fdetail-garage-mississauga&request_id=7864265a35025bfa&signature=127e9729a78421684b15cc25017f034a32f38d3496368ee590da4075418ce75c&slot=0
182,https://www.yelp.com//adredir?ad_business_id=_n2wwIGaBcWvWlJTFYTgdw&campaign_id=d5hzO-mOtDz9T5CdD66gTw&click_origin=search_results&placement=above_search&placement_slot=1&redirect_url=https%3A%2F%2Fwww.yelp.com%2Fbiz%2Fgeneral-tech-automotive-north-york&request_id=ee02316ef74bcf21&signature=a67a2982d21a86d0064f6ad79172ee4cb0477012de7d162882df30b05885f2d0&slot=0
183,https://www.yelp.com//adredir?ad_business_id=qivzNX3mmq9CDrlT24gPXw&campaign_id=fVT6QWzRLwdyPHxYJe33zg&click_origin=search_results&placement=above_search&placement_slot=1&redirect_url=https%3A%2F%2Fwww.yelp.com%2Fbiz%2Fmeadowvale-mississauga&request_id=ee02316ef74bcf21&signature=d4c5ed18798384462b9a221e68ef03260837c2c86de0d8a001c0d7cd86bf1a15&slot=1
184,https://www.yelp.com//biz/dupont-auto-centre-toronto-2?osq=vehicle%2Bdealerships
185,https://www.yelp.com//biz/downsview-chrysler-dodge-jeep-north-york?osq=vehicle%2Bdealerships
186,https://www.yelp.com//biz/scarboro-mazda-scarborough?osq=vehicle%2Bdealerships
187,https://www.yelp.com//biz/queensway-service-centre-etobicoke-2?osq=vehicle%2Bdealerships
188,https://www.yelp.com//biz/yorkdale-ford-toronto?osq=vehicle%2Bdealerships
189,https://www.yelp.com//biz/yorkdale-toyota-toronto?osq=vehicle%2Bdealerships
190,https://www.yelp.com//biz/mr-lube-toronto-2?osq=vehicle%2Bdealerships
191,https://www.yelp.com//biz/yorkdale-volkswagen-toronto?osq=vehicle%2Bdealerships
192,https://www.yelp.com//biz/kipling-tire-etobicoke-2?osq=vehicle%2Bdealerships
193,https://www.yelp.com//biz/bmw-autohaus-thornhill?osq=vehicle%2Bdealerships
194,https://www.yelp.com//adredir?ad_business_id=8_UTPa_e7MDwRsmCZ8kx3Q&campaign_id=to8fngpUyYfyjL4wuYpk5g&click_origin=search_results&placement=below_search&placement_slot=2&redirect_url=https%3A%2F%2Fwww.yelp.com%2Fbiz%2Fdetail-garage-mississauga&request_id=ee02316ef74bcf21&signature=a9980385bfda70f9c9c0f7716c679b6c0f323c92e6f20ebc9dd6969efbb079c5&slot=0
195,https://www.yelp.com//adredir?ad_business_id=_n2wwIGaBcWvWlJTFYTgdw&campaign_id=d5hzO-mOtDz9T5CdD66gTw&click_origin=search_results&placement=above_search&placement_slot=1&redirect_url=https%3A%2F%2Fwww.yelp.com%2Fbiz%2Fgeneral-tech-automotive-north-york&request_id=1357e6b49ef711c7&signature=4eca46916c47d2b6b0322eecd2621de5c2d6be8e1fe7cfdcc8e6a6712a9d4f23&slot=0
196,https://www.yelp.com//adredir?ad_business_id=qivzNX3mmq9CDrlT24gPXw&campaign_id=fVT6QWzRLwdyPHxYJe33zg&click_origin=search_results&placement=above_search&placement_slot=1&redirect_url=https%3A%2F%2Fwww.yelp.com%2Fbiz%2Fmeadowvale-mississauga&request_id=1357e6b49ef711c7&signature=e518c62be7a093279132a845b74861fe032b38142b6c7666b63c4cdba9cf95a9&slot=1
197,https://www.yelp.com//biz/honda-queensway-toronto?osq=vehicle%2Bdealerships
198,https://www.yelp.com//biz/manntel-automotive-plaza-york?osq=vehicle%2Bdealerships
199,https://www.yelp.com//biz/birkshire-automobiles-thornhill?osq=vehicle%2Bdealerships
200,https://www.yelp.com//biz/mini-downtown-toronto?osq=vehicle%2Bdealerships
201,https://www.yelp.com//biz/shalton-motors-toronto?osq=vehicle%2Bdealerships
202,https://www.yelp.com//biz/vms-auto-toronto?osq=vehicle%2Bdealerships
203,https://www.yelp.com//biz/midas-toronto-10?osq=vehicle%2Bdealerships
204,https://www.yelp.com//biz/mcdermott-motors-tirecraft-toronto?osq=vehicle%2Bdealerships
205,https://www.yelp.com//biz/downsview-auto-north-york?osq=vehicle%2Bdealerships
206,https://www.yelp.com//biz/mechanics-zone-scarborough?osq=vehicle%2Bdealerships
207,https://www.yelp.com//adredir?ad_business_id=8_UTPa_e7MDwRsmCZ8kx3Q&campaign_id=to8fngpUyYfyjL4wuYpk5g&click_origin=search_results&placement=below_search&placement_slot=2&redirect_url=https%3A%2F%2Fwww.yelp.com%2Fbiz%2Fdetail-garage-mississauga&request_id=1357e6b49ef711c7&signature=f649bc2133a94fe1b9b5260d1e85efe7064f777ff543e70d14f7bc666b006c8d&slot=0
208,https://www.yelp.com//adredir?ad_business_id=_n2wwIGaBcWvWlJTFYTgdw&campaign_id=d5hzO-mOtDz9T5CdD66gTw&click_origin=search_results&placement=above_search&placement_slot=1&redirect_url=https%3A%2F%2Fwww.yelp.com%2Fbiz%2Fgeneral-tech-automotive-north-york&request_id=5af74cfd569a56b2&signature=9c59c159046212c4548b56ed72964d3b52bec40cda5ad2d13a58a0e17f236f4f&slot=0
209,https://www.yelp.com//adredir?ad_business_id=qivzNX3mmq9CDrlT24gPXw&campaign_id=fVT6QWzRLwdyPHxYJe33zg&click_origin=search_results&placement=above_search&placement_slot=1&redirect_url=https%3A%2F%2Fwww.yelp.com%2Fbiz%2Fmeadowvale-mississauga&request_id=5af74cfd569a56b2&signature=3812d44c91f99969f7235de7192dd11556340b71072fe41a00fe7f72d7746fef&slot=1
210,https://www.yelp.com//biz/avenue-nissan-north-york?osq=vehicle%2Bdealerships
211,https://www.yelp.com//biz/donway-ford-scarborough-2?osq=vehicle%2Bdealerships
212,https://www.yelp.com//biz/toyota-on-the-park-toronto?osq=vehicle%2Bdealerships
213,https://www.yelp.com//biz/rose-joe-service-etobicoke?osq=vehicle%2Bdealerships
214,https://www.yelp.com//biz/don-valley-auto-centre-toronto?osq=vehicle%2Bdealerships
215,https://www.yelp.com//biz/volkswagen-downtown-toronto-2?osq=vehicle%2Bdealerships
216,https://www.yelp.com//biz/cams-auto-service-toronto-2?osq=vehicle%2Bdealerships
217,https://www.yelp.com//biz/good-fellows-auto-toronto?osq=vehicle%2Bdealerships
218,https://www.yelp.com//biz/scarborough-nissan-scarborough?osq=vehicle%2Bdealerships
219,https://www.yelp.com//biz/frontier-fine-cars-toronto-2?osq=vehicle%2Bdealerships
220,https://www.yelp.com//adredir?ad_business_id=8_UTPa_e7MDwRsmCZ8kx3Q&campaign_id=to8fngpUyYfyjL4wuYpk5g&click_origin=search_results&placement=below_search&placement_slot=2&redirect_url=https%3A%2F%2Fwww.yelp.com%2Fbiz%2Fdetail-garage-mississauga&request_id=5af74cfd569a56b2&signature=261a73bb816076ee563adcfea5bc42fc32a0809669da53dbc7a4bf363a2d6cf1&slot=0
221,https://www.yelp.com//adredir?ad_business_id=_n2wwIGaBcWvWlJTFYTgdw&campaign_id=d5hzO-mOtDz9T5CdD66gTw&click_origin=search_results&placement=above_search&placement_slot=1&redirect_url=https%3A%2F%2Fwww.yelp.com%2Fbiz%2Fgeneral-tech-automotive-north-york&request_id=cf02298f546c8e70&signature=c806b0a491debf45e23b905bf587a195787f0fee786dee513c7ff18f703947a4&slot=0
222,https://www.yelp.com//adredir?ad_business_id=qivzNX3mmq9CDrlT24gPXw&campaign_id=fVT6QWzRLwdyPHxYJe33zg&click_origin=search_results&placement=above_search&placement_slot=1&redirect_url=https%3A%2F%2Fwww.yelp.com%2Fbiz%2Fmeadowvale-mississauga&request_id=cf02298f546c8e70&signature=2112f389a50377d59917cc239b19a83c205fa27ecc5f1c74a4ef0d62262b818a&slot=1
223,https://www.yelp.com//biz/ryding-auto-body-york?osq=vehicle%2Bdealerships
224,https://www.yelp.com//biz/superior-tire-and-auto-toronto-4?osq=vehicle%2Bdealerships
225,https://www.yelp.com//biz/carhub-north-york-chrysler-thornhill?osq=vehicle%2Bdealerships
226,https://www.yelp.com//biz/dublin-auto-repairs-toronto?osq=vehicle%2Bdealerships
227,https://www.yelp.com//biz/ken-shaw-toyota-toronto?osq=vehicle%2Bdealerships
228,https://www.yelp.com//biz/oscars-auto-repair-toronto?osq=vehicle%2Bdealerships
229,https://www.yelp.com//biz/malibu-motors-toronto?osq=vehicle%2Bdealerships
230,https://www.yelp.com//biz/queen-compact-cars-toronto?osq=vehicle%2Bdealerships
231,https://www.yelp.com//biz/don-valley-north-lexus-markham?osq=vehicle%2Bdealerships
232,https://www.yelp.com//biz/toronto-hyundai-toronto?osq=vehicle%2Bdealerships
233,https://www.yelp.com//adredir?ad_business_id=8_UTPa_e7MDwRsmCZ8kx3Q&campaign_id=to8fngpUyYfyjL4wuYpk5g&click_origin=search_results&placement=below_search&placement_slot=2&redirect_url=https%3A%2F%2Fwww.yelp.com%2Fbiz%2Fdetail-garage-mississauga&request_id=cf02298f546c8e70&signature=abbf262cdcf6c14486c485d5694353c17f979eba33480a25e8b2129bb633797f&slot=0
234,https://www.yelp.com//adredir?ad_business_id=_n2wwIGaBcWvWlJTFYTgdw&campaign_id=d5hzO-mOtDz9T5CdD66gTw&click_origin=search_results&placement=above_search&placement_slot=1&redirect_url=https%3A%2F%2Fwww.yelp.com%2Fbiz%2Fgeneral-tech-automotive-north-york&request_id=98e82b9bdaf69a03&signature=bad9903ee0731e4d691d5f490daf1a43c4732a26f2a9b96aecf7a174b00ae958&slot=0
235,https://www.yelp.com//adredir?ad_business_id=qivzNX3mmq9CDrlT24gPXw&campaign_id=fVT6QWzRLwdyPHxYJe33zg&click_origin=search_results&placement=above_search&placement_slot=1&redirect_url=https%3A%2F%2Fwww.yelp.com%2Fbiz%2Fmeadowvale-mississauga&request_id=98e82b9bdaf69a03&signature=b35f41d16fb16e10daa5385ea6489cfb428a998988c8668cce26c1efdc010b1c&slot=1
236,https://www.yelp.com//biz/great-canadian-oil-change-scarborough?osq=vehicle%2Bdealerships
237,https://www.yelp.com//biz/pine-view-hyundai-woodbridge?osq=vehicle%2Bdealerships
238,https://www.yelp.com//biz/mr-automotives-toronto?osq=vehicle%2Bdealerships
239,https://www.yelp.com//biz/kipling-auto-center-etobicoke?osq=vehicle%2Bdealerships
240,https://www.yelp.com//biz/marinos-fine-cars-subaru-toronto-3?osq=vehicle%2Bdealerships
241,https://www.yelp.com//biz/willowdale-subaru-thornhill?osq=vehicle%2Bdealerships
242,https://www.yelp.com//biz/scarborough-toyota-scarborough?osq=vehicle%2Bdealerships
243,https://www.yelp.com//biz/parkway-honda-north-york-2?osq=vehicle%2Bdealerships
244,https://www.yelp.com//biz/old-mill-gm-toronto?osq=vehicle%2Bdealerships
245,https://www.yelp.com//biz/islington-chrysler-fiat-toronto-2?osq=vehicle%2Bdealerships
246,https://www.yelp.com//adredir?ad_business_id=8_UTPa_e7MDwRsmCZ8kx3Q&campaign_id=to8fngpUyYfyjL4wuYpk5g&click_origin=search_results&placement=below_search&placement_slot=2&redirect_url=https%3A%2F%2Fwww.yelp.com%2Fbiz%2Fdetail-garage-mississauga&request_id=98e82b9bdaf69a03&signature=97578a3ae426e4f36809987923546253cb0c90b6b713654f22ac13879905587f&slot=0
247,https://www.yelp.com//adredir?ad_business_id=_n2wwIGaBcWvWlJTFYTgdw&campaign_id=d5hzO-mOtDz9T5CdD66gTw&click_origin=search_results&placement=above_search&placement_slot=1&redirect_url=https%3A%2F%2Fwww.yelp.com%2Fbiz%2Fgeneral-tech-automotive-north-york&request_id=2efee6937947337e&signature=3a9092b94dd1454bc1a67bd67d63f90ba6b5d35a81d8c29260681795c20960f9&slot=0
248,https://www.yelp.com//adredir?ad_business_id=qivzNX3mmq9CDrlT24gPXw&campaign_id=fVT6QWzRLwdyPHxYJe33zg&click_origin=search_results&placement=above_search&placement_slot=1&redirect_url=https%3A%2F%2Fwww.yelp.com%2Fbiz%2Fmeadowvale-mississauga&request_id=2efee6937947337e&signature=3cee7f51458c4df31a80eab9402d47fa07389e108c441f5a7c0d3ac87ff2abaf&slot=1
249,https://www.yelp.com//biz/sunnys-auto-clinic-toronto?osq=vehicle%2Bdealerships
250,https://www.yelp.com//biz/queensway-hyundai-toronto?osq=vehicle%2Bdealerships
251,https://www.yelp.com//biz/don-valley-north-toyota-markham-2?osq=vehicle%2Bdealerships
252,https://www.yelp.com//biz/sisley-honda-thornhill?osq=vehicle%2Bdealerships
253,https://www.yelp.com//biz/downtown-subaru-toronto?osq=vehicle%2Bdealerships
254,https://www.yelp.com//biz/kal-tire-toronto?osq=vehicle%2Bdealerships
255,https://www.yelp.com//biz/formula-honda-scarborough?osq=vehicle%2Bdealerships
256,https://www.yelp.com//biz/ks-car-sales-and-service-scarborough?osq=vehicle%2Bdealerships
257,https://www.yelp.com//biz/toronto-honda-toronto?osq=vehicle%2Bdealerships
258,https://www.yelp.com//biz/great-canadian-oil-change-north-york?osq=vehicle%2Bdealerships
259,https://www.yelp.com//adredir?ad_business_id=8_UTPa_e7MDwRsmCZ8kx3Q&campaign_id=to8fngpUyYfyjL4wuYpk5g&click_origin=search_results&placement=below_search&placement_slot=2&redirect_url=https%3A%2F%2Fwww.yelp.com%2Fbiz%2Fdetail-garage-mississauga&request_id=2efee6937947337e&signature=c574454e5c383664ac1cb05c61d64a4066c2e046fbd89330113177026b5382e1&slot=0
260,https://www.yelp.com//adredir?ad_business_id=_n2wwIGaBcWvWlJTFYTgdw&campaign_id=d5hzO-mOtDz9T5CdD66gTw&click_origin=search_results&placement=above_search&placement_slot=1&redirect_url=https%3A%2F%2Fwww.yelp.com%2Fbiz%2Fgeneral-tech-automotive-north-york&request_id=170e7c6c61048707&signature=dbef3d3dfd0feb88ecc45fb51b6ba10dc37f09cb2f84e512a7190ff63dbdd373&slot=0
261,https://www.yelp.com//adredir?ad_business_id=qivzNX3mmq9CDrlT24gPXw&campaign_id=fVT6QWzRLwdyPHxYJe33zg&click_origin=search_results&placement=above_search&placement_slot=1&redirect_url=https%3A%2F%2Fwww.yelp.com%2Fbiz%2Fmeadowvale-mississauga&request_id=170e7c6c61048707&signature=bdb8f6b7fa7a73855c17689c5ef6635d1ed0fdf641539ba3c0caec2207adcbae&slot=1
262,https://www.yelp.com//biz/world-fine-cars-etobicoke-2?osq=vehicle%2Bdealerships
263,https://www.yelp.com//biz/spadina-auto-toronto?osq=vehicle%2Bdealerships
264,https://www.yelp.com//biz/volkswagen-downtown-toronto?osq=vehicle%2Bdealerships
265,https://www.yelp.com//biz/autorama-toronto-2?osq=vehicle%2Bdealerships
266,https://www.yelp.com//biz/grand-touring-automobiles-toronto-2?osq=vehicle%2Bdealerships
267,https://www.yelp.com//biz/parkview-bmw-toronto?osq=vehicle%2Bdealerships
268,https://www.yelp.com//biz/volvo-of-toronto-toronto-3?osq=vehicle%2Bdealerships
269,https://www.yelp.com//biz/yorkdale-dufferin-mazda-toronto?osq=vehicle%2Bdealerships
270,https://www.yelp.com//biz/car-dent-medic-thornhill?osq=vehicle%2Bdealerships
271,https://www.yelp.com//biz/canadian-fine-motors-scarborough?osq=vehicle%2Bdealerships
272,https://www.yelp.com//adredir?ad_business_id=8_UTPa_e7MDwRsmCZ8kx3Q&campaign_id=to8fngpUyYfyjL4wuYpk5g&click_origin=search_results&placement=below_search&placement_slot=2&redirect_url=https%3A%2F%2Fwww.yelp.com%2Fbiz%2Fdetail-garage-mississauga&request_id=170e7c6c61048707&signature=e305216d4a539b21f664542899c4387a2e9990d555888c6433b18df80eba000d&slot=0
273,https://www.yelp.com//adredir?ad_business_id=_n2wwIGaBcWvWlJTFYTgdw&campaign_id=d5hzO-mOtDz9T5CdD66gTw&click_origin=search_results&placement=above_search&placement_slot=1&redirect_url=https%3A%2F%2Fwww.yelp.com%2Fbiz%2Fgeneral-tech-automotive-north-york&request_id=e3ac8b3c64452206&signature=9ad593f0f5d50501cf80494b323819788d2d50af3f88cd8eef97fb74c4a66773&slot=0
274,https://www.yelp.com//adredir?ad_business_id=qivzNX3mmq9CDrlT24gPXw&campaign_id=fVT6QWzRLwdyPHxYJe33zg&click_origin=search_results&placement=above_search&placement_slot=1&redirect_url=https%3A%2F%2Fwww.yelp.com%2Fbiz%2Fmeadowvale-mississauga&request_id=e3ac8b3c64452206&signature=6ae2838f1a609e8ed3bbd66ba7b929d79374a991d1af338031e9dca2509c3414&slot=1
275,https://www.yelp.com//biz/downtown-toyota-toronto-3?osq=vehicle%2Bdealerships
276,https://www.yelp.com//biz/faraz-auto-sales-toronto-2?osq=vehicle%2Bdealerships
277,https://www.yelp.com//biz/dynasty-auto-selection-toronto?osq=vehicle%2Bdealerships
278,https://www.yelp.com//biz/woodbine-nissan-toronto?osq=vehicle%2Bdealerships
279,https://www.yelp.com//biz/ken-shaw-lexus-toronto-7?osq=vehicle%2Bdealerships
280,https://www.yelp.com//biz/master-mechanic-toronto-15?osq=vehicle%2Bdealerships
281,https://www.yelp.com//biz/midtown-honda-toronto?osq=vehicle%2Bdealerships
282,https://www.yelp.com//biz/bay-auto-zone-toronto?osq=vehicle%2Bdealerships
283,https://www.yelp.com//biz/downtown-chrysler-dodge-jeep-ram-toronto-5?osq=vehicle%2Bdealerships
284,https://www.yelp.com//biz/strictly-european-motors-north-york?osq=vehicle%2Bdealerships
285,https://www.yelp.com//adredir?ad_business_id=8_UTPa_e7MDwRsmCZ8kx3Q&campaign_id=to8fngpUyYfyjL4wuYpk5g&click_origin=search_results&placement=below_search&placement_slot=2&redirect_url=https%3A%2F%2Fwww.yelp.com%2Fbiz%2Fdetail-garage-mississauga&request_id=e3ac8b3c64452206&signature=3dede6761c5cd485b317b2942751819bfd252ffcc10630c95b150793b853323b&slot=0
286,https://www.yelp.com//adredir?ad_business_id=_n2wwIGaBcWvWlJTFYTgdw&campaign_id=d5hzO-mOtDz9T5CdD66gTw&click_origin=search_results&placement=above_search&placement_slot=1&redirect_url=https%3A%2F%2Fwww.yelp.com%2Fbiz%2Fgeneral-tech-automotive-north-york&request_id=ae3fe53b9fd9337f&signature=24ba137e8680e7124c2465692ec9a17e9f86a86b01ed3c0b68fbec99a79b330f&slot=0
287,https://www.yelp.com//adredir?ad_business_id=qivzNX3mmq9CDrlT24gPXw&campaign_id=fVT6QWzRLwdyPHxYJe33zg&click_origin=search_results&placement=above_search&placement_slot=1&redirect_url=https%3A%2F%2Fwww.yelp.com%2Fbiz%2Fmeadowvale-mississauga&request_id=ae3fe53b9fd9337f&signature=21b325e45fbb1a1b52576636ad078ba6cfb421c789d27843b3efd8f0ff451e83&slot=1
288,https://www.yelp.com//biz/west-toronto-kia-toronto?osq=vehicle%2Bdealerships
289,https://www.yelp.com//biz/fine-finish-auto-toronto?osq=vehicle%2Bdealerships
290,https://www.yelp.com//biz/tesla-motors-toronto-2?osq=vehicle%2Bdealerships
291,https://www.yelp.com//biz/bentos-auto-and-tire-centre-toronto?osq=vehicle%2Bdealerships
292,https://www.yelp.com//biz/west-toronto-auto-leasing-and-sales-toronto?osq=vehicle%2Bdealerships
293,https://www.yelp.com//biz/lexus-downtown-toronto?osq=vehicle%2Bdealerships
294,https://www.yelp.com//biz/thornhill-hyundai-thornhill?osq=vehicle%2Bdealerships
295,https://www.yelp.com//biz/hide-auto-centre-scarborough?osq=vehicle%2Bdealerships
296,https://www.yelp.com//biz/safe-and-sound-installations-scarborough?osq=vehicle%2Bdealerships
297,https://www.yelp.com//biz/aero-hill-engine-rebuilders-concord-2?osq=vehicle%2Bdealerships
298,https://www.yelp.com//adredir?ad_business_id=8_UTPa_e7MDwRsmCZ8kx3Q&campaign_id=to8fngpUyYfyjL4wuYpk5g&click_origin=search_results&placement=below_search&placement_slot=2&redirect_url=https%3A%2F%2Fwww.yelp.com%2Fbiz%2Fdetail-garage-mississauga&request_id=ae3fe53b9fd9337f&signature=a927425721d5e0b5055fa4bd01c360ac8620cec6d6c3fc87c54cf0a3bb21e181&slot=0
